"No","Module","Title","RazorFile","Route","URL","Type","DesignStatus","Notes"
"1","AccessRoles","أدوار الوصول","AccessRoles/Index.cshtml","/AccessRoles","https://zynorahr.com/AccessRoles","UI","Pending",""
"2","Account","تغيير كلمة المرور","Account/ChangePassword.cshtml","/Account/ChangePassword","https://zynorahr.com/Account/ChangePassword","UI","Pending",""
"3","Account","Account/Login.cshtml","Account/Login.cshtml","/Account/Login","https://zynorahr.com/Account/Login","UI","Pending",""
"4","Account","تسجيل الخروج","Account/Logout.cshtml","/Account/Logout","https://zynorahr.com/Account/Logout","Technical / API","Pending",""
"5","Acknowledgments","قوالب الإقرارات","Acknowledgments/Index.cshtml","/Acknowledgments","https://zynorahr.com/Acknowledgments","UI","Pending",""
"6","Acknowledgments","متابعة الإقرارات","Acknowledgments/Tracking.cshtml","/Acknowledgments/Tracking","https://zynorahr.com/Acknowledgments/Tracking","UI","Pending",""
"7","Alerts","لوحة التنبيهات والانتهاءات","Alerts/Index.cshtml","/Alerts","https://zynorahr.com/Alerts","UI","Pending",""
"8","Approvals","لجان الموافقات","Approvals/Committees.cshtml","/Approvals/Committees","https://zynorahr.com/Approvals/Committees","UI","Pending",""
"9","Approvals","الموافقات","Approvals/Index.cshtml","/Approvals","https://zynorahr.com/Approvals","UI","Pending",""
"10","Approvals","تقارير الموافقات","Approvals/Reports.cshtml","/Approvals/Reports","https://zynorahr.com/Approvals/Reports","UI","Pending",""
"11","AssetsManagement","إدارة العهد","AssetsManagement/Index.cshtml","/AssetsManagement","https://zynorahr.com/AssetsManagement","UI","Pending",""
"12","AttendanceCorrections","AttendanceCorrections/Index.cshtml","AttendanceCorrections/Index.cshtml","/AttendanceCorrections","https://zynorahr.com/AttendanceCorrections","UI","Pending",""
"13","AttendanceDashboard","رسومات الحضور","AttendanceDashboard/Index.cshtml","/AttendanceDashboard","https://zynorahr.com/AttendanceDashboard","UI","Pending",""
"14","AttendanceImports","AttendanceImports/Index.cshtml","AttendanceImports/Index.cshtml","/AttendanceImports","https://zynorahr.com/AttendanceImports","UI","Pending",""
"15","AttendanceOperations","إدارة الحضور","AttendanceOperations/Index.cshtml","/AttendanceOperations","https://zynorahr.com/AttendanceOperations","UI","Pending",""
"16","AttendanceProcessing","AttendanceProcessing/Index.cshtml","AttendanceProcessing/Index.cshtml","/AttendanceProcessing","https://zynorahr.com/AttendanceProcessing","UI","Pending",""
"17","AttendanceRecommendations","الإجراءات المقترحة","AttendanceRecommendations/Index.cshtml","/AttendanceRecommendations","https://zynorahr.com/AttendanceRecommendations","UI","Pending",""
"18","AttendanceRecords","إضافة سجل حضور","AttendanceRecords/Create.cshtml","/AttendanceRecords/Create","https://zynorahr.com/AttendanceRecords/Create","UI","Pending",""
"19","AttendanceRecords","حذف سجل حضور","AttendanceRecords/Delete.cshtml","/AttendanceRecords/Delete","https://zynorahr.com/AttendanceRecords/Delete","UI","Pending",""
"20","AttendanceRecords","تعديل سجل حضور","AttendanceRecords/Edit.cshtml","/AttendanceRecords/Edit","https://zynorahr.com/AttendanceRecords/Edit","UI","Pending",""
"21","AttendanceRecords","سجلات الحضور","AttendanceRecords/Index.cshtml","/AttendanceRecords","https://zynorahr.com/AttendanceRecords","UI","Pending",""
"22","AttendanceSettings","إعدادات الحضور","AttendanceSettings/Index.cshtml","/AttendanceSettings","https://zynorahr.com/AttendanceSettings","UI","Pending",""
"23","AttendanceViewer","مستعرض الحضور","AttendanceViewer/Index.cshtml","/AttendanceViewer","https://zynorahr.com/AttendanceViewer","UI","Pending",""
"24","AuditLogs","سجل التدقيق","AuditLogs/Index.cshtml","/AuditLogs","https://zynorahr.com/AuditLogs","UI","Pending",""
"25","BadgeCenter","مركز بطاقات الموظفين","BadgeCenter/Index.cshtml","/BadgeCenter","https://zynorahr.com/BadgeCenter","UI","Pending",""
"26","BiometricKeys","اعتماد مفاتيح البصمة/الوجه","BiometricKeys/Index.cshtml","/BiometricKeys","https://zynorahr.com/BiometricKeys","UI","Pending",""
"27","Branches","إضافة موقع عمل","Branches/Create.cshtml","/Branches/Create","https://zynorahr.com/Branches/Create","UI","Pending",""
"28","Branches","حذف فرع","Branches/Delete.cshtml","/Branches/Delete","https://zynorahr.com/Branches/Delete","UI","Pending",""
"29","Branches","تعديل موقع عمل","Branches/Edit.cshtml","/Branches/Edit","https://zynorahr.com/Branches/Edit","UI","Pending",""
"30","Branches","استيراد مواقع العمل والفروع","Branches/Import.cshtml","/Branches/Import","https://zynorahr.com/Branches/Import","UI","Pending",""
"31","Branches","مواقع العمل والفروع","Branches/Index.cshtml","/Branches","https://zynorahr.com/Branches","UI","Pending",""
"32","Branding","الهوية والثيم","Branding/Index.cshtml","/Branding","https://zynorahr.com/Branding","UI","Pending",""
"33","Companies","إضافة شركة","Companies/Create.cshtml","/Companies/Create","https://zynorahr.com/Companies/Create","UI","Pending",""
"34","Companies","حذف شركة","Companies/Delete.cshtml","/Companies/Delete/{id:int}","https://zynorahr.com/Companies/Delete/{id:int}","UI / Dynamic","Pending",""
"35","Companies","تعديل شركة","Companies/Edit.cshtml","/Companies/Edit/{id:int}","https://zynorahr.com/Companies/Edit/{id:int}","UI / Dynamic","Pending",""
"36","Companies","استيراد الشركات","Companies/Import.cshtml","/Companies/Import","https://zynorahr.com/Companies/Import","UI","Pending",""
"37","Companies","إعداد الشركة","Companies/Index.cshtml","/Companies","https://zynorahr.com/Companies","UI","Pending",""
"38","CompanyDocuments","وثائق الشركة","CompanyDocuments/Index.cshtml","/CompanyDocuments","https://zynorahr.com/CompanyDocuments","UI","Pending",""
"39","Contracts","عقود الموظفين","Contracts/Index.cshtml","/Contracts","https://zynorahr.com/Contracts","UI","Pending",""
"40","Contracts","تحديثات العقود","Contracts/Movements.cshtml","/Contracts/Movements","https://zynorahr.com/Contracts/Movements","UI","Pending",""
"41","Culture","Culture/Catalog.cshtml","Culture/Catalog.cshtml","/Culture/Catalog","https://zynorahr.com/Culture/Catalog","Technical / API","Pending",""
"42","Culture","Culture/Set.cshtml","Culture/Set.cshtml","/Culture/Set","https://zynorahr.com/Culture/Set","Technical / API","Pending",""
"43","Dashboard","Dashboard/EmployeesDistribution.cshtml","Dashboard/EmployeesDistribution.cshtml","/Dashboard/EmployeesDistribution","https://zynorahr.com/Dashboard/EmployeesDistribution","UI","Pending",""
"44","DayAttendance","الحضور اليومي","DayAttendance/Index.cshtml","/DayAttendance","https://zynorahr.com/DayAttendance","UI","Pending",""
"45","Departments","إضافة قسم","Departments/Create.cshtml","/Departments/Create","https://zynorahr.com/Departments/Create","UI","Pending",""
"46","Departments","حذف قسم","Departments/Delete.cshtml","/Departments/Delete","https://zynorahr.com/Departments/Delete","UI","Pending",""
"47","Departments","تعديل قسم","Departments/Edit.cshtml","/Departments/Edit","https://zynorahr.com/Departments/Edit","UI","Pending",""
"48","Departments","استيراد الأقسام","Departments/Import.cshtml","/Departments/Import","https://zynorahr.com/Departments/Import","UI","Pending",""
"49","Departments","الأقسام","Departments/Index.cshtml","/Departments","https://zynorahr.com/Departments","UI","Pending",""
"50","DesignLab","مختبر المقاسات","DesignLab/Index.cshtml","/DesignLab","https://zynorahr.com/DesignLab","UI","Pending",""
"51","DesignPreview","معاينة الهوية الجديدة","DesignPreview/Index.cshtml","/DesignPreview","https://zynorahr.com/DesignPreview","UI","Pending",""
"52","Devices","إضافة جهاز","Devices/Create.cshtml","/Devices/Create","https://zynorahr.com/Devices/Create","UI","Pending",""
"53","Devices","حذف جهاز","Devices/Delete.cshtml","/Devices/Delete","https://zynorahr.com/Devices/Delete","UI","Pending",""
"54","Devices","تعديل جهاز","Devices/Edit.cshtml","/Devices/Edit","https://zynorahr.com/Devices/Edit","UI","Pending",""
"55","Devices","Devices/Import.cshtml","Devices/Import.cshtml","/Devices/Import","https://zynorahr.com/Devices/Import","UI","Pending",""
"56","Devices","الأجهزة","Devices/Index.cshtml","/Devices","https://zynorahr.com/Devices","UI","Pending",""
"57","DisciplinaryRules","لائحة المخالفات","DisciplinaryRules/Index.cshtml","/DisciplinaryRules","https://zynorahr.com/DisciplinaryRules","UI","Pending",""
"58","Documents","توليد الوثائق","Documents/Generate.cshtml","/Documents/Generate","https://zynorahr.com/Documents/Generate","UI","Pending",""
"59","Documents","طلبات الوثائق","Documents/Requests.cshtml","/Documents/Requests","https://zynorahr.com/Documents/Requests","UI","Pending",""
"60","Documents","قوالب الوثائق","Documents/Templates.cshtml","/Documents/Templates","https://zynorahr.com/Documents/Templates","UI","Pending",""
"61","Documents","Documents/View.cshtml","Documents/View.cshtml","/Documents/View","https://zynorahr.com/Documents/View","UI","Pending",""
"62","EmployeeDocuments","مستندات الموظفين","EmployeeDocuments/Index.cshtml","/EmployeeDocuments","https://zynorahr.com/EmployeeDocuments","UI","Pending",""
"63","EmployeeGeoLocations","المواقع الجغرافية للموظفين","EmployeeGeoLocations/Index.cshtml","/EmployeeGeoLocations","https://zynorahr.com/EmployeeGeoLocations","UI","Pending",""
"64","EmployeeOnlinePunches","EmployeeOnlinePunches/Index.cshtml","EmployeeOnlinePunches/Index.cshtml","/EmployeeOnlinePunches","https://zynorahr.com/EmployeeOnlinePunches","UI","Pending",""
"65","EmployeePermissions","بطاقات الموظفين","EmployeePermissions/Index.cshtml","/EmployeePermissions","https://zynorahr.com/EmployeePermissions","UI","Pending",""
"66","EmployeePortal","الإقرارات","EmployeePortal/Acknowledgments.cshtml","/EmployeePortal/Acknowledgments","https://zynorahr.com/EmployeePortal/Acknowledgments","UI","Pending",""
"67","EmployeePortal","البصمة والوجه","EmployeePortal/Biometric.cshtml","/EmployeePortal/Biometric","https://zynorahr.com/EmployeePortal/Biometric","UI","Pending",""
"68","EmployeePortal","تغيير كلمة المرور","EmployeePortal/ChangePassword.cshtml","/EmployeePortal/ChangePassword","https://zynorahr.com/EmployeePortal/ChangePassword","UI","Pending",""
"69","EmployeePortal","طلب تعديل بياناتي","EmployeePortal/DataChange.cshtml","/EmployeePortal/DataChange","https://zynorahr.com/EmployeePortal/DataChange","UI","Pending",""
"70","EmployeePortal","طلب وثيقة","EmployeePortal/DocumentRequest.cshtml","/EmployeePortal/DocumentRequest","https://zynorahr.com/EmployeePortal/DocumentRequest","UI","Pending",""
"71","EmployeePortal","طلب مالي","EmployeePortal/FinancialRequest.cshtml","/EmployeePortal/FinancialRequest","https://zynorahr.com/EmployeePortal/FinancialRequest","UI","Pending",""
"72","EmployeePortal","النماذج","EmployeePortal/FormFill.cshtml","/EmployeePortal/FormFill","https://zynorahr.com/EmployeePortal/FormFill","UI","Pending",""
"73","EmployeePortal","بوابة الموظف الذكية","EmployeePortal/Index.cshtml","/EmployeePortal","https://zynorahr.com/EmployeePortal","UI","Pending",""
"74","EmployeePortal","طلب نسيان بصمة","EmployeePortal/MissingPunch.cshtml","/EmployeePortal/MissingPunch","https://zynorahr.com/EmployeePortal/MissingPunch","UI","Pending",""
"75","EmployeePortal","EmployeePortal/Notifications.cshtml","EmployeePortal/Notifications.cshtml","/EmployeePortal/Notifications","https://zynorahr.com/EmployeePortal/Notifications","UI","Pending",""
"76","EmployeePortal","تقاريري","EmployeePortal/Reports.cshtml","/EmployeePortal/Reports","https://zynorahr.com/EmployeePortal/Reports","UI","Pending",""
"77","EmployeePortal","طلب مناوبة","EmployeePortal/ShiftRequest.cshtml","/EmployeePortal/ShiftRequest","https://zynorahr.com/EmployeePortal/ShiftRequest","UI","Pending",""
"78","EmployeeProfileSettings","\u0625\u0639\u062F\u0627\u062F\u0627\u062A \u062D\u0642\u0648\u0644 \u0645\u0644\u0641 \u0627\u0644\u0645\u0648\u0638\u0641","EmployeeProfileSettings/Index.cshtml","/EmployeeProfileSettings","https://zynorahr.com/EmployeeProfileSettings","UI","Pending",""
"79","Employees","إضافة موظف جديد","Employees/Create.cshtml","/Employees/Create","https://zynorahr.com/Employees/Create","UI","Pending",""
"80","Employees","حذف إداريّ","Employees/Delete.cshtml","/Employees/Delete","https://zynorahr.com/Employees/Delete","UI","Pending",""
"81","Employees","تعديل بيانات الموظف","Employees/Edit.cshtml","/Employees/Edit","https://zynorahr.com/Employees/Edit","UI","Pending",""
"82","Employees","Employees/EFilePrint.cshtml","Employees/EFilePrint.cshtml","/Employees/EFilePrint","https://zynorahr.com/Employees/EFilePrint","Print","Pending",""
"83","Employees","إنهاء خدمة","Employees/EndService.cshtml","/Employees/EndService","https://zynorahr.com/Employees/EndService","UI","Pending",""
"84","Employees","منتهية خدماتهم","Employees/EndServiceList.cshtml","/Employees/EndServiceList","https://zynorahr.com/Employees/EndServiceList","UI","Pending",""
"85","Employees","متابعة تقييمات","Employees/Evaluations.cshtml","/Employees/Evaluations","https://zynorahr.com/Employees/Evaluations","UI","Pending",""
"86","Employees","المعلومات المالية","Employees/FinancialInfo.cshtml","/Employees/FinancialInfo/{id:int}","https://zynorahr.com/Employees/FinancialInfo/{id:int}","UI / Dynamic","Pending",""
"87","Employees","قائمة الموظفين","Employees/Index.cshtml","/Employees","https://zynorahr.com/Employees","UI","Pending",""
"88","Employees","السجل الوظيفي","Employees/Lifecycle.cshtml","/Employees/Lifecycle","https://zynorahr.com/Employees/Lifecycle","UI","Pending",""
"89","Employees","Employees/Lookup.cshtml","Employees/Lookup.cshtml","/Employees/Lookup","https://zynorahr.com/Employees/Lookup","Technical / API","Pending",""
"90","Employees","Employees/PeopleDashboard.cshtml","Employees/PeopleDashboard.cshtml","/Employees/PeopleDashboard","https://zynorahr.com/Employees/PeopleDashboard","UI","Pending",""
"91","Employees","ملف الموظف","Employees/Profile.cshtml","/Employees/Profile","https://zynorahr.com/Employees/Profile","UI","Pending",""
"92","Employees","إعادة تعيين","Employees/Rehire.cshtml","/Employees/Rehire","https://zynorahr.com/Employees/Rehire","UI","Pending",""
"93","Employees","رئيس وحدة مؤقت","Employees/TemporaryHeads.cshtml","/Employees/TemporaryHeads","https://zynorahr.com/Employees/TemporaryHeads","UI","Pending",""
"94","EmployeeTasks","مهام التعيين والإنهاء","EmployeeTasks/Index.cshtml","/EmployeeTasks","https://zynorahr.com/EmployeeTasks","UI","Pending",""
"95","EmployeeUpdates","\u062A\u062D\u062F\u064A\u062B\u0627\u062A \u0627\u0644\u0645\u0648\u0638\u0641","EmployeeUpdates/Index.cshtml","/EmployeeUpdates","https://zynorahr.com/EmployeeUpdates","UI","Pending",""
"96","Engagement","التواصل والإعلانات","Engagement/Announcements.cshtml","/Engagement/Announcements","https://zynorahr.com/Engagement/Announcements","UI","Pending",""
"97","Engagement","الحالات والملاحظات","Engagement/Feedback.cshtml","/Engagement/Feedback","https://zynorahr.com/Engagement/Feedback","UI","Pending",""
"98","Engagement","تفاعل الموظف","Engagement/Index.cshtml","/Engagement","https://zynorahr.com/Engagement","UI","Pending",""
"99","Engagement","صوت الموظف","Engagement/Polls.cshtml","/Engagement/Polls","https://zynorahr.com/Engagement/Polls","UI","Pending",""
"100","Engagement","التقدير والحملات","Engagement/Recognition.cshtml","/Engagement/Recognition","https://zynorahr.com/Engagement/Recognition","UI","Pending",""
"101","Forms","باني النماذج","Forms/Index.cshtml","/Forms","https://zynorahr.com/Forms","UI","Pending",""
"102","Forms","متابعة النماذج","Forms/Submissions.cshtml","/Forms/Submissions","https://zynorahr.com/Forms/Submissions","UI","Pending",""
"103","Holidays","إضافة عطلة","Holidays/Create.cshtml","/Holidays/Create","https://zynorahr.com/Holidays/Create","UI","Pending",""
"104","Holidays","حذف عطلة","Holidays/Delete.cshtml","/Holidays/Delete","https://zynorahr.com/Holidays/Delete","UI","Pending",""
"105","Holidays","تعديل عطلة","Holidays/Edit.cshtml","/Holidays/Edit","https://zynorahr.com/Holidays/Edit","UI","Pending",""
"106","Holidays","Holidays/Import.cshtml","Holidays/Import.cshtml","/Holidays/Import","https://zynorahr.com/Holidays/Import","UI","Pending",""
"107","Holidays","العطل الرسمية","Holidays/Index.cshtml","/Holidays","https://zynorahr.com/Holidays","UI","Pending",""
"108","HrSettings","قوالب الموافقات","HrSettings/ApprovalTemplates.cshtml","/HrSettings/ApprovalTemplates","https://zynorahr.com/HrSettings/ApprovalTemplates","UI","Pending",""
"109","HrSettings","مخطط رمز الموظف","HrSettings/EmployeeCodeSchemaPage.cshtml","/HrSettings/EmployeeCodeSchema","https://zynorahr.com/HrSettings/EmployeeCodeSchema","UI","Pending",""
"110","HrSettings","مجموعات الموظفين","HrSettings/EmployeeGroups.cshtml","/HrSettings/EmployeeGroups","https://zynorahr.com/HrSettings/EmployeeGroups","UI","Pending",""
"111","HrSettings","حقول الكيانات","HrSettings/EntityFields.cshtml","/HrSettings/EntityFields","https://zynorahr.com/HrSettings/EntityFields","UI","Pending",""
"112","HrSettings","استوديو الحقول","HrSettings/FieldControl.cshtml","/HrSettings/FieldControl","https://zynorahr.com/HrSettings/FieldControl","UI","Pending",""
"113","HrSettings","مختبر الصيغ","HrSettings/Formulas.cshtml","/HrSettings/Formulas","https://zynorahr.com/HrSettings/Formulas","UI","Pending",""
"114","HrSettings","إعدادات الموارد البشرية","HrSettings/Index.cshtml","/HrSettings","https://zynorahr.com/HrSettings","UI","Pending",""
"115","HrSettings","القوائم المرجعية","HrSettings/Lookups.cshtml","/HrSettings/Lookups","https://zynorahr.com/HrSettings/Lookups","UI","Pending",""
"116","HrSettings","فترة الإنذار","HrSettings/NoticePeriod.cshtml","/HrSettings/NoticePeriod","https://zynorahr.com/HrSettings/NoticePeriod","UI","Pending",""
"117","HrSettings","مركز الإشعارات","HrSettings/NotificationCenter.cshtml","/HrSettings/NotificationCenter","https://zynorahr.com/HrSettings/NotificationCenter","UI","Pending",""
"118","HrSettings","تهيئة الأشخاص","HrSettings/PeopleConfiguration.cshtml","/HrSettings/PeopleConfiguration","https://zynorahr.com/HrSettings/PeopleConfiguration","UI","Pending",""
"119","HrSettings","فترة التجربة","HrSettings/ProbationPeriod.cshtml","/HrSettings/ProbationPeriod","https://zynorahr.com/HrSettings/ProbationPeriod","UI","Pending",""
"120","HrSettings","مركز أنواع الطلبات","HrSettings/RequestTypes.cshtml","/HrSettings/RequestTypes","https://zynorahr.com/HrSettings/RequestTypes","UI","Pending",""
"121","HrSettings","إعدادات الخدمة الذاتية","HrSettings/SelfServiceSettings.cshtml","/HrSettings/SelfServiceSettings","https://zynorahr.com/HrSettings/SelfServiceSettings","UI","Pending",""
"122","HrSettings","أسباب الإيقاف","HrSettings/TerminationReasons.cshtml","/HrSettings/TerminationReasons","https://zynorahr.com/HrSettings/TerminationReasons","UI","Pending",""
"123","HrSettings","تهيئة المخالفات","HrSettings/ViolationConfiguration.cshtml","/HrSettings/ViolationConfiguration","https://zynorahr.com/HrSettings/ViolationConfiguration","UI","Pending",""
"124","Integrations","التكامل المحاسبي","Integrations/Accounting.cshtml","/Integrations/Accounting","https://zynorahr.com/Integrations/Accounting","UI","Pending",""
"125","Integrations","موصلات أجهزة الحضور","Integrations/DeviceConnectors.cshtml","/Integrations/DeviceConnectors","https://zynorahr.com/Integrations/DeviceConnectors","UI","Pending",""
"126","Integrations","Webhooks","Integrations/Webhooks.cshtml","/Integrations/Webhooks","https://zynorahr.com/Integrations/Webhooks","UI","Pending",""
"127","LeaveBalances","ضبط رصيد الإجازات","LeaveBalances/Adjust.cshtml","/LeaveBalances/Adjust","https://zynorahr.com/LeaveBalances/Adjust","UI","Pending",""
"128","LeaveBalances","أرصدة الإجازات","LeaveBalances/Index.cshtml","/LeaveBalances","https://zynorahr.com/LeaveBalances","UI","Pending",""
"129","LeaveRequests","إضافة إجازة معتمدة","LeaveRequests/Create.cshtml","/LeaveRequests/Create","https://zynorahr.com/LeaveRequests/Create","UI","Pending",""
"130","LeaveRequests","حذف طلب إجازة","LeaveRequests/Delete.cshtml","/LeaveRequests/Delete","https://zynorahr.com/LeaveRequests/Delete","UI","Pending",""
"131","LeaveRequests","تعديل طلب إجازة","LeaveRequests/Edit.cshtml","/LeaveRequests/Edit","https://zynorahr.com/LeaveRequests/Edit","UI","Pending",""
"132","LeaveRequests","LeaveRequests/Import.cshtml","LeaveRequests/Import.cshtml","/LeaveRequests/Import","https://zynorahr.com/LeaveRequests/Import","UI","Pending",""
"133","LeaveRequests","طلبات الإجازات","LeaveRequests/Index.cshtml","/LeaveRequests","https://zynorahr.com/LeaveRequests","UI","Pending",""
"134","MissingPunchRequests","طلبات البصمة المفقودة","MissingPunchRequests/Index.cshtml","/MissingPunchRequests","https://zynorahr.com/MissingPunchRequests","UI","Pending",""
"135","MonthAttendance","الحضور الشهري","MonthAttendance/Index.cshtml","/MonthAttendance","https://zynorahr.com/MonthAttendance","UI","Pending",""
"136","MyProfile","ملفي الشخصي","MyProfile/Index.cshtml","/MyProfile","https://zynorahr.com/MyProfile","UI","Pending",""
"137","Notifications","Notifications/Bell.cshtml","Notifications/Bell.cshtml","/Notifications/Bell","https://zynorahr.com/Notifications/Bell","Technical / API","Pending",""
"138","Organization","الهيكل الإداري","Organization/Chart.cshtml","/Organization/Chart","https://zynorahr.com/Organization/Chart","UI","Pending",""
"139","Organization","الهياكل التنظيمية","Organization/Index.cshtml","/Organization","https://zynorahr.com/Organization","UI","Pending",""
"140","OrgStructures","الهياكل التنظيمية","OrgStructures/Index.cshtml","/OrgStructures","https://zynorahr.com/OrgStructures","UI","Pending",""
"141","Payroll","رسوم الرواتب","Payroll/Analytics.cshtml","/Payroll/Analytics","https://zynorahr.com/Payroll/Analytics","UI","Pending",""
"142","Payroll","قوالب ملفات البنوك","Payroll/BankTemplates.cshtml","/Payroll/BankTemplates","https://zynorahr.com/Payroll/BankTemplates","UI","Pending",""
"143","Payroll","نهاية الخدمة","Payroll/EndOfService.cshtml","/Payroll/EndOfService","https://zynorahr.com/Payroll/EndOfService","UI","Pending",""
"144","Payroll","أسعار الصرف","Payroll/ExchangeRates.cshtml","/Payroll/ExchangeRates","https://zynorahr.com/Payroll/ExchangeRates","UI","Pending",""
"145","Payroll","مركز الطلبات المالية","Payroll/FinancialRequests.cshtml","/Payroll/FinancialRequests","https://zynorahr.com/Payroll/FinancialRequests","UI","Pending",""
"146","Payroll","بدل إجازة","Payroll/LeaveEncashment.cshtml","/Payroll/LeaveEncashment","https://zynorahr.com/Payroll/LeaveEncashment","UI","Pending",""
"147","Payroll","القروض والسُّلف","Payroll/Loans.cshtml","/Payroll/Loans","https://zynorahr.com/Payroll/Loans","UI","Pending",""
"148","Payroll","العمل الإضافي","Payroll/Overtime.cshtml","/Payroll/Overtime","https://zynorahr.com/Payroll/Overtime","UI","Pending",""
"149","Payroll","استعلام قسائم الراتب","Payroll/PayslipInquiry.cshtml","/Payroll/PayslipInquiry","https://zynorahr.com/Payroll/PayslipInquiry","UI","Pending",""
"150","Payroll","Payroll/PayslipPrint.cshtml","Payroll/PayslipPrint.cshtml","/Payroll/PayslipPrint","https://zynorahr.com/Payroll/PayslipPrint","Print","Pending",""
"151","Payroll","زيادات الراتب","Payroll/Raises.cshtml","/Payroll/Raises","https://zynorahr.com/Payroll/Raises","UI","Pending",""
"152","Payroll","تفاصيل المسير","Payroll/RunDetail.cshtml","/Payroll/RunDetail","https://zynorahr.com/Payroll/RunDetail","UI","Pending",""
"153","Payroll","المسير","Payroll/Runs.cshtml","/Payroll/Runs","https://zynorahr.com/Payroll/Runs","UI","Pending",""
"154","Payroll","تعديل أيام الراتب","Payroll/SalaryDaysAdjustment.cshtml","/Payroll/SalaryDaysAdjustment","https://zynorahr.com/Payroll/SalaryDaysAdjustment","UI","Pending",""
"155","Payroll","عناصر الراتب","Payroll/SalaryItems.cshtml","/Payroll/SalaryItems","https://zynorahr.com/Payroll/SalaryItems","UI","Pending",""
"156","Payroll","سلم الرواتب","Payroll/SalaryScale.cshtml","/Payroll/SalaryScale","https://zynorahr.com/Payroll/SalaryScale","UI","Pending",""
"157","Payroll","كشف الرواتب","Payroll/SalarySheet.cshtml","/Payroll/SalarySheet","https://zynorahr.com/Payroll/SalarySheet","UI","Pending",""
"158","Payroll","الضريبة والضمان","Payroll/Settings.cshtml","/Payroll/Settings","https://zynorahr.com/Payroll/Settings","UI","Pending",""
"159","Payroll","نظام المحاكاة","Payroll/Simulator.cshtml","/Payroll/Simulator","https://zynorahr.com/Payroll/Simulator","UI","Pending",""
"160","Payroll","تسوية الإنهاء — الفروقات","Payroll/TerminationSettlement.cshtml","/Payroll/TerminationSettlement","https://zynorahr.com/Payroll/TerminationSettlement","UI","Pending",""
"161","Payroll","Payroll/Transactions.cshtml","Payroll/Transactions.cshtml","/Payroll/Transactions","https://zynorahr.com/Payroll/Transactions","UI","Pending",""
"162","Payroll","مدقق حركات الرواتب","Payroll/TransactionsAuditor.cshtml","/Payroll/TransactionsAuditor","https://zynorahr.com/Payroll/TransactionsAuditor","UI","Pending",""
"163","PayrollProvisions","حساب الاحتياطي","PayrollProvisions/Index.cshtml","/PayrollProvisions","https://zynorahr.com/PayrollProvisions","UI","Pending",""
"164","PeopleReports","PeopleReports/Index.cshtml","PeopleReports/Index.cshtml","/PeopleReports","https://zynorahr.com/PeopleReports","UI","Pending",""
"165","PeriodRules","القواعد الفترية","PeriodRules/Index.cshtml","/PeriodRules","https://zynorahr.com/PeriodRules","UI","Pending",""
"166","PositionCategories","فئات المناصب","PositionCategories/Index.cshtml","/PositionCategories","https://zynorahr.com/PositionCategories","UI","Pending",""
"167","PositionLevels","مستويات المناصب","PositionLevels/Index.cshtml","/PositionLevels","https://zynorahr.com/PositionLevels","UI","Pending",""
"168","Positions","استيراد المناصب","Positions/Import.cshtml","/Positions/Import","https://zynorahr.com/Positions/Import","UI","Pending",""
"169","Positions","المناصب الوظيفية","Positions/Index.cshtml","/Positions","https://zynorahr.com/Positions","UI","Pending",""
"170","Root","لا صلاحية للوصول","AccessDenied.cshtml","/AccessDenied","https://zynorahr.com/AccessDenied","UI","Pending",""
"171","Root","خطأ","Error.cshtml","/Error","https://zynorahr.com/Error","UI","Pending",""
"172","Root","لوحة التحكم","Index.cshtml","/","https://zynorahr.com/","UI","Pending",""
"173","Root","ThemeCss.cshtml","ThemeCss.cshtml","/theme/current.css","https://zynorahr.com/theme/current.css","Technical / API","Pending",""
"174","Root","التحقق من وثيقة","Verify.cshtml","/Verify","https://zynorahr.com/Verify","UI","Pending",""
"175","Roster","جدولة مناوبات العمل","Roster/Index.cshtml","/Roster","https://zynorahr.com/Roster","UI","Pending",""
"176","SelfServices","الخدمة الذاتية","SelfServices/Index.cshtml","/SelfServices","https://zynorahr.com/SelfServices","UI","Pending",""
"177","Settings","لغات بيانات الشركة","Settings/DataLanguages.cshtml","/Settings/DataLanguages","https://zynorahr.com/Settings/DataLanguages","UI","Pending",""
"178","Settings","قاموس اللغات","Settings/Dictionary.cshtml","/Settings/Dictionary","https://zynorahr.com/Settings/Dictionary","UI","Pending",""
"179","Settings","مركز الإعدادات","Settings/Index.cshtml","/Settings","https://zynorahr.com/Settings","UI","Pending",""
"180","Setup","Setup/Index.cshtml","Setup/Index.cshtml","/Setup","https://zynorahr.com/Setup","UI","Pending",""
"181","ShiftAssignments","مناوبات الموظفين","ShiftAssignments/Index.cshtml","/ShiftAssignments","https://zynorahr.com/ShiftAssignments","UI","Pending",""
"182","ShiftOverrides","تعديل مناوبات مؤقت","ShiftOverrides/Index.cshtml","/ShiftOverrides","https://zynorahr.com/ShiftOverrides","UI","Pending",""
"183","ShiftRules","قواعد المناوبات","ShiftRules/Index.cshtml","/ShiftRules","https://zynorahr.com/ShiftRules","UI","Pending",""
"184","ShiftTypes","أنواع المناوبات","ShiftTypes/Index.cshtml","/ShiftTypes","https://zynorahr.com/ShiftTypes","UI","Pending",""
"185","SystemPerformance","أداء النظام","SystemPerformance/Index.cshtml","/SystemPerformance","https://zynorahr.com/SystemPerformance","UI","Pending",""
"186","UserAccess","إدارة مستخدمي النظام","UserAccess/Index.cshtml","/UserAccess","https://zynorahr.com/UserAccess","UI","Pending",""
"187","Violations","الإجراءات التأديبية","Violations/Actions.cshtml","/Violations/Actions","https://zynorahr.com/Violations/Actions","UI","Pending",""
"188","Violations","المخالفات","Violations/Index.cshtml","/Violations","https://zynorahr.com/Violations","UI","Pending",""
"189","Violations","كتاب العقوبة","Violations/Letter.cshtml","/Violations/Letter","https://zynorahr.com/Violations/Letter","Print","Pending",""
"190","Violations","Violations/PrintForm.cshtml","Violations/PrintForm.cshtml","/Violations/PrintForm","https://zynorahr.com/Violations/PrintForm","Print","Pending",""
"191","WeekAttendance","الحضور الأسبوعي","WeekAttendance/Index.cshtml","/WeekAttendance","https://zynorahr.com/WeekAttendance","UI","Pending",""
"192","WorkFromHome","العمل خارج المكتب","WorkFromHome/Index.cshtml","/WorkFromHome","https://zynorahr.com/WorkFromHome","UI","Pending",""
