"Family","Class","Count","Canonical"
"Badge","zy-pill","40","True"
"Badge","nxex-chip","30","False"
"Badge","hrms-badge","27","False"
"Badge","zy-badge","10","True"
"Badge","pchip","8","False"
"Badge","rtc-chip","7","False"
"Badge","ats-chip","7","False"
"Badge","nx-badge","7","False"
"Badge","nxr-chip","7","False"
"Badge","rec-chip","6","False"
"Badge","bp-chip","6","False"
"Badge","z360-badge","6","False"
"Badge","zy-dash__chip","5","True"
"Badge","nexora-import-badge","5","False"
"Badge","zy-badge__dot","4","True"
"Badge","chip","4","False"
"Badge","import-v3-badge","3","False"
"Badge","shr-chip","3","False"
"Badge","bt-chip","3","False"
"Badge","rz-chip","3","False"
"Badge","nxupd-pill","3","False"
"Badge","zua-chip","3","False"
"Badge","pr-chip","3","False"
"Badge","nxex-quick-badge","3","False"
"Badge","zy-badge--muted","3","True"
"Badge","nexora-import-badges","3","False"
"Badge","sht-chip","3","False"
"Badge","sd-chip","3","False"
"Badge","import-v3-badges","3","False"
"Badge","bp-chip-warning","2","False"
"Badge","att-badge","2","False"
"Badge","mp-chip","2","False"
"Badge","mat-chip","2","False"
"Badge","pr-chips","2","False"
"Badge","orgchart-badge","2","False"
"Badge","wfh-chip","2","False"
"Badge","rtc-badge","2","False"
"Badge","nx-pulse-pill","2","False"
"Badge","si-chip","2","False"
"Badge","nxr-import-optional-badge","2","False"
"Badge","nx-mini-pill","2","False"
"Badge","bp-chip-success","2","False"
"Badge","apt-chip","2","False"
"Badge","nxr-company-delete-mode-badge","2","False"
"Badge","bp-chip-danger","2","False"
"Badge","es-chip","2","False"
"Badge","tx-chip","2","False"
"Badge","efr-pill","1","False"
"Badge","sov-chip","1","False"
"Badge","nxr-profile-settings-badge","1","False"
"Badge","zy-bell-badge","1","True"
"Badge","fr-pill","1","False"
"Badge","z360-badge-warn","1","False"
"Badge","nxex-punch-badge","1","False"
"Badge","zy-badge--danger","1","True"
"Badge","zhr-company-badge","1","False"
"Badge","zyepm-chip-code","1","False"
"Badge","bc-badge-name","1","False"
"Badge","esl-badge","1","False"
"Badge","att-count-badges","1","False"
"Badge","zy-badge--success","1","True"
"Badge","nexora-pill-button","1","False"
"Badge","@badge.cls","1","False"
"Badge","bk-chip","1","False"
"Badge","bp-badge","1","False"
"Badge","eak-chip","1","False"
"Badge","ln-pill","1","False"
"Badge","zy-badge--warning","1","True"
"Badge","avw-badge","1","False"
"Badge","lifecycle-timeline-badge","1","False"
"Badge","ef-chip","1","False"
"Badge","@Badge(request.Status)","1","False"
"Badge","z360-status-pill","1","False"
"Badge","nxex-att-badge","1","False"
"Badge","my-chips","1","False"
"Badge","rtc-chips","1","False"
"Badge","avw-chip","1","False"
"Badge","ar-users-badge","1","False"
"Badge","zyepm-chip","1","False"
"Badge","zxd-badge","1","False"
"Badge","esr-chip","1","False"
"Badge","@row.BadgeClass","1","False"
"Badge","emp-bell-badge","1","False"
"Badge","zy-badge--info","1","True"
"Badge","zy-dash__chip--ok","1","True"
"Badge","att-page-badge","1","False"
"Badge","avw-chips","1","False"
"Badge","sd-bal-chip","1","False"
"Badge","zyepm-chip-name","1","False"
"Badge","my-badge","1","False"
"Badge","zhr-status-badge","1","False"
"Badge","zyepm-chips","1","False"
"Badge","nx-cutoff-rule-badge","1","False"
"Badge","ot-chip","1","False"
"Badge","dat-chip","1","False"
"Badge","nxr-force-modal-badge","1","False"
"Badge","edr-chip","1","False"
"Badge","att-badge-out","1","False"
"Badge","nxr-profile-settings-pills","1","False"
"Badge","zy-committee-chips","1","True"
"Badge","bc-badge","1","False"
"Badge","att-badge-in","1","False"
"Button","btn-secondary","99","False"
"Button","nx-setup-btn","86","False"
"Button","btn-primary","48","False"
"Button","hrms-btn-secondary","45","False"
"Button","nx-setup-btn-secondary","43","False"
"Button","zy-btn","41","True"
"Button","nx-setup-btn-primary","38","False"
"Button","hrms-btn-primary","37","False"
"Button","sd-btn","30","False"
"Button","btn-table","26","False"
"Button","zy-btn--primary","20","True"
"Button","tx-btn","18","False"
"Button","btn-delete","17","False"
"Button","ps-btn","17","False"
"Button","zy-lookup-btn","16","True"
"Button","zy-btn--sm","16","True"
"Button","mat-btn","16","False"
"Button","zy-pos-btn","15","True"
"Button","rz-btn","15","False"
"Button","ot-btn","15","False"
"Button","ats-btn","15","False"
"Button","dat-btn","13","False"
"Button","rec-btn","13","False"
"Button","geo-btn","13","False"
"Button","pr-btn","12","False"
"Button","ln-btn","12","False"
"Button","nxr-btn","11","False"
"Button","zua-btn","11","False"
"Button","zy-lookup-btn--secondary","10","True"
"Button","btn-edit","10","False"
"Button","avw-btn","10","False"
"Button","pd-btn","10","False"
"Button","zy-dictionary-btn","9","True"
"Button","mp-btn","9","False"
"Button","sht-btn","9","False"
"Button","zy-btn--ghost","8","True"
"Button","ros-btn","7","False"
"Button","zy-btn--secondary","7","True"
"Button","zy-pos-btn--primary","7","True"
"Button","fr-btn","7","False"
"Button","zxd-btn","7","False"
"Button","zy-pos-btn--secondary","7","True"
"Button","si-btn","6","False"
"Button","es-btn","6","False"
"Button","sov-btn","6","False"
"Button","brand-btn","6","False"
"Button","rtc-btn","6","False"
"Button","zhr-btn","5","False"
"Button","orgchart-btn-secondary","5","False"
"Button","my-btn-secondary","5","False"
"Button","sha-btn","5","False"
"Button","ar-btn","5","False"
"Button","nxex-set-btn","4","False"
"Button","zy-btn--danger","4","True"
"Button","zy-dictionary-btn--primary","4","True"
"Button","bt-btn","4","False"
"Button","shr-btn","4","False"
"Button","nxex-back-btn","4","False"
"Button","nxr-edit-btn","4","False"
"Button","bk-btn","4","False"
"Button","zy-lookup-btn--primary","4","True"
"Button","fin-btn","4","False"
"Button","endservice-btn","4","False"
"Button","rehire-btn","4","False"
"Button","bc-btn","3","False"
"Button","nxp-btn","3","False"
"Button","zhr-btn-secondary","3","False"
"Button","esl-btn","3","False"
"Button","hrms-btn-danger","3","False"
"Button","my-btn-primary","3","False"
"Button","brand-btn-mini","3","False"
"Button","rv-btn","3","False"
"Button","ss-btn","2","False"
"Button","lifecycle-timeline-btn","2","False"
"Button","zy-lookup-btn--danger","2","True"
"Button","ar-btn-mini","2","False"
"Button","nxr-company-delete-btn","2","False"
"Button","nxr-force-btn","2","False"
"Button","login-button","2","False"
"Button","lifecycle-btn-warning","2","False"
"Button","nxp-btn--primary","2","False"
"Button","apv-btn","2","False"
"Button","ar-btn-primary","2","False"
"Button","eak-btn","2","False"
"Button","nxex-btn","2","False"
"Button","nx-btn","2","False"
"Button","wfh-btn","2","False"
"Button","zhr-btn-primary","2","False"
"Button","brand-btn-ghost","2","False"
"Button","hrms-btn-ghost","2","False"
"Button","brand-btn-danger","1","False"
"Button","pq-viewbtn","1","False"
"Button","nexora-pill-button","1","False"
"Button","nxr-company-delete-btn-secondary","1","False"
"Button","nxex-dc-photo-btn","1","False"
"Button","zy-bell-button","1","True"
"Button","edr-btn","1","False"
"Button","esl-mini-btn","1","False"
"Button","nxex-settings-btn","1","False"
"Button","nxhs-switch-button","1","False"
"Button","zdl-demo-buttons","1","False"
"Button","ar-btn-danger","1","False"
"Button","nxp-btn--ghost","1","False"
"Button","brand-btn-primary","1","False"
"Button","nxr-company-delete-btn-danger","1","False"
"Button","emp-bell-button","1","False"
"Button","esr-btn","1","False"
"Button","nxex-punch-btn","1","False"
"Button","access-btn-secondary","1","False"
"Button","nxex-punch-btns","1","False"
"Button","access-btn-primary","1","False"
"Button","ar-btn-ghost","1","False"
"Button","zy-pos-btn--danger","1","True"
"Button","bp-btn-soft","1","False"
"Button","pd-print-btn","1","False"
"Button","nx-company-file-button","1","False"
"Button","bp-btn-primary","1","False"
"Button","ef-btn","1","False"
"Card/KPI","zy-card","54","True"
"Card/KPI","nexora-import-summary-card","27","False"
"Card/KPI","nxex-card","27","False"
"Card/KPI","import-v3-summary-card","27","False"
"Card/KPI","zy-settings-card","23","True"
"Card/KPI","zy-settings-card__icon","23","True"
"Card/KPI","hrms-stat","22","False"
"Card/KPI","nxex-card-head","22","False"
"Card/KPI","nexora-setup-card","17","False"
"Card/KPI","table-card","15","False"
"Card/KPI","form-card","14","False"
"Card/KPI","hrms-card","14","False"
"Card/KPI","hrms-table-card","12","False"
"Card/KPI","nxhs-card","12","False"
"Card/KPI","zy-stat__label","10","True"
"Card/KPI","zy-stat__value","10","True"
"Card/KPI","zy-stat","10","True"
"Card/KPI","zy-stat__icon","10","True"
"Card/KPI","nexora-setup-card-head","10","False"
"Card/KPI","nexora-import-card","9","False"
"Card/KPI","z360-card-tool","9","False"
"Card/KPI","nexora-import-card-head","9","False"
"Card/KPI","import-v3-card","9","False"
"Card/KPI","nxr-card","9","False"
"Card/KPI","zy-lookup-kpi__index","8","True"
"Card/KPI","sd-kpi","8","False"
"Card/KPI","zy-card__header","8","True"
"Card/KPI","zxd-card","7","False"
"Card/KPI","@statusClass","7","False"
"Card/KPI","fin-card","6","False"
"Card/KPI","zxd-kpi","6","False"
"Card/KPI","nx-setup-status","6","False"
"Card/KPI","@row.Status","6","False"
"Card/KPI","zy-card__body","6","True"
"Card/KPI","mat-stat","6","False"
"Card/KPI","dat-stat","6","False"
"Card/KPI","pd-stat","6","False"
"Card/KPI","pr-kpi","6","False"
"Card/KPI","z360-mini-kpi","6","False"
"Card/KPI","nxr-doc-kpi","5","False"
"Card/KPI","hrms-stats-card","5","False"
"Card/KPI","zy-card__icon","5","True"
"Card/KPI","hrms-stats","5","False"
"Card/KPI","z360-file-card-head","5","False"
"Card/KPI","orgchart-stat","5","False"
"Card/KPI","ppd-kpi-copy","5","False"
"Card/KPI","bc-card","5","False"
"Card/KPI","zhr-kpi-value","5","False"
"Card/KPI","zhr-kpi-title","5","False"
"Card/KPI","zxd-card-body","5","False"
"Card/KPI","zy-dash__kpi-label","5","True"
"Card/KPI","zy-dash__kpi","5","True"
"Card/KPI","z360-file-card","5","False"
"Card/KPI","zy-dash__kpi-value","5","True"
"Card/KPI","zhr-kpi-card","5","False"
"Card/KPI","ppd-kpi","5","False"
"Card/KPI","ppd-kpi-arrow","5","False"
"Card/KPI","@(Model.StatusFilter","5","False"
"Card/KPI","ppd-kpi-icon","5","False"
"Card/KPI","dashboard-kpi","4","False"
"Card/KPI","my-stat","4","False"
"Card/KPI","nx-pulse-analytics-card","4","False"
"Card/KPI","ppd-card","4","False"
"Card/KPI","ost-card","4","False"
"Card/KPI","z360-kpi-value","4","False"
"Card/KPI","fr-kpi","4","False"
"Card/KPI","ppd-card-kicker","4","False"
"Card/KPI","distribution-stat","4","False"
"Card/KPI","esl-kpi","4","False"
"Card/KPI","zxd-card-head","4","False"
"Card/KPI","z360-kpi","4","False"
"Card/KPI","z360-card-head","4","False"
"Card/KPI","zy-pos-kpi-icon","4","True"
"Card/KPI","nx-card-head","4","False"
"Card/KPI","rz-kpi","4","False"
"Card/KPI","z360-kpi-note","4","False"
"Card/KPI","z360-kpi-label","4","False"
"Card/KPI","ppd-card-head","4","False"
"Card/KPI","lifecycle-timeline-kpi","4","False"
"Card/KPI","es-kpi","4","False"
"Card/KPI","z360-card","4","False"
"Card/KPI","rv-kpi","4","False"
"Card/KPI","ln-kpi","4","False"
"Card/KPI","pr-card","4","False"
"Card/KPI","zua-stat","4","False"
"Card/KPI","@(t.Status","4","False"
"Card/KPI","ot-kpi","4","False"
"Card/KPI","tx-kpi","4","False"
"Card/KPI","pa-kpi","4","False"
"Card/KPI","bp-kpi","3","False"
"Card/KPI","mp-kpi","3","False"
"Card/KPI","efr-card","3","False"
"Card/KPI","ost-stat","3","False"
"Card/KPI","rep-card-text","3","False"
"Card/KPI","wfh-stat","3","False"
"Card/KPI","my-card","3","False"
"Card/KPI","nxupd-card-head","3","False"
"Card/KPI","bp-kpi-label","3","False"
"Card/KPI","endservice-card","3","False"
"Card/KPI","apv-kpi","3","False"
"Card/KPI","ats-card-head","3","False"
"Card/KPI","nx-pulse-card-head","3","False"
"Card/KPI","epr-card","3","False"
"Card/KPI","endservice-card-head","3","False"
"Card/KPI","zy-card__icon--secondary","3","True"
"Card/KPI","hrms-stat-card","3","False"
"Card/KPI","rep-card","3","False"
"Card/KPI","bp-kpi-num","3","False"
"Card/KPI","rehire-card-head","3","False"
"Card/KPI","hrms-stat-label","3","False"
"Card/KPI","rec-table-card","3","False"
"Card/KPI","nxupd-card","3","False"
"Card/KPI","zy-card__icon--success","3","True"
"Card/KPI","ef-card","3","False"
"Card/KPI","pa-card","3","False"
"Card/KPI","hrms-stat-value","3","False"
"Card/KPI","zdl-static","3","False"
"Card/KPI","rehire-card","3","False"
"Card/KPI","rep-card-icon","3","False"
"Card/KPI","my-card-head","3","False"
"Card/KPI","ats-card","3","False"
"Card/KPI","zy-card__icon--warning","3","True"
"Card/KPI","nxex-att-status","2","False"
"Card/KPI","ppd-distribution-card","2","False"
"Card/KPI","edr-card","2","False"
"Card/KPI","zy-lookup-kpis","2","True"
"Card/KPI","geo-stat","2","False"
"Card/KPI","orgchart-ic-card","2","False"
"Card/KPI","sd-card","2","False"
"Card/KPI","zy-lookup-card__head","2","True"
"Card/KPI","eak-card","2","False"
"Card/KPI","sht-table-card","2","False"
"Card/KPI","zy-lookup-card","2","True"
"Card/KPI","attendance-results-card","2","False"
"Card/KPI","zy-lookup-card__eyebrow","2","True"
"Card/KPI","zy-stats","2","True"
"Card/KPI","bt-card","2","False"
"Card/KPI","nxr-profile-settings-card-head","2","False"
"Card/KPI","zy-stat__delta--flat","2","True"
"Card/KPI","esr-card","2","False"
"Card/KPI","attendance-status","2","False"
"Card/KPI","nxr-edit-final-card-head","2","False"
"Card/KPI","pd-card","2","False"
"Card/KPI","nxp-card","2","False"
"Card/KPI","nxr-edit-final-card","2","False"
"Card/KPI","@Model.StatusClass(row.Status)","2","False"
"Card/KPI","bk-kpi","2","False"
"Card/KPI","nxp-card__head","2","False"
"Card/KPI","pr-card-head","2","False"
"Card/KPI","@Model.StatusClass(item.DaysLeft)","2","False"
"Card/KPI","@Model.StatusClass(item.Status)","2","False"
"Card/KPI","nxr-profile-settings-card","2","False"
"Card/KPI","zy-lookup-status","2","True"
"Card/KPI","nx-ops-records-card","2","False"
"Card/KPI","@r.Status","2","False"
"Card/KPI","mat-table-card","2","False"
"Card/KPI","ppd-kpi-danger","2","False"
"Card/KPI","@request.Status.ToLower()","2","False"
"Card/KPI","sd-kpis","2","False"
"Card/KPI","zy-stat__delta","2","True"
"Card/KPI","sha-stat","2","False"
"Card/KPI","nxupd-selector-card-single","1","False"
"Card/KPI","nx-wall-card","1","False"
"Card/KPI","zhr-filter-card","1","False"
"Card/KPI","nxp-import-status","1","False"
"Card/KPI","nxp-import-status--@row.Status.ToLowerInvariant()","1","False"
"Card/KPI","nxex-ann-read-state","1","False"
"Card/KPI","zy-data-language-card","1","True"
"Card/KPI","nxhs-cards","1","False"
"Card/KPI","zxd-stat","1","False"
"Card/KPI","nx-cutoff-basis-card","1","False"
"Card/KPI","sov-table-card","1","False"
"Card/KPI","brand-status","1","False"
"Card/KPI","rtc-status","1","False"
"Card/KPI","nxpen-main-text-card","1","False"
"Card/KPI","nxr-doc-rule-card","1","False"
"Card/KPI","mp-card","1","False"
"Card/KPI","endservice-employee-card","1","False"
"Card/KPI","lifecycle-timeline-kpis","1","False"
"Card/KPI","nxp-card__head--filters","1","False"
"Card/KPI","ppd-tenure-card","1","False"
"Card/KPI","SmartAttendance.Web.Infrastructure.Theming.ThemeStore.StatusPublished","1","False"
"Card/KPI","si-card","1","False"
"Card/KPI","sim-kpi","1","False"
"Card/KPI","att-table-card","1","False"
"Card/KPI","att-filter-card","1","False"
"Card/KPI","login-card","1","False"
"Card/KPI","ppd-gender-card","1","False"
"Card/KPI","nx-template-card__content","1","False"
"Card/KPI","zua-stats","1","False"
"Card/KPI","hrms-form-card","1","False"
"Card/KPI","distribution-stat-grid","1","False"
"Card/KPI","ln-kpis","1","False"
"Card/KPI","nx-template-card__check","1","False"
"Card/KPI","nxr-edit-signature-card","1","False"
"Card/KPI","access-denied-card","1","False"
"Card/KPI","ss-card","1","False"
"Card/KPI","ppd-kpi-warning","1","False"
"Card/KPI","orgchart-stats","1","False"
"Card/KPI","rv-kpis","1","False"
"Card/KPI","nx-company-logo-card","1","False"
"Card/KPI","nxex-balance-card","1","False"
"Card/KPI","ost-stats","1","False"
"Card/KPI","st-@p.Status","1","False"
"Card/KPI","lifecycle-timeline-card-head","1","False"
"Card/KPI","nxex-wall-card","1","False"
"Card/KPI","brand-vstatus","1","False"
"Card/KPI","rehire-state","1","False"
"Card/KPI","nxr-company-delete-card","1","False"
"Card/KPI","zy-language-card","1","True"
"Card/KPI","zxd-stats","1","False"
"Card/KPI","nxex-request-list-card","1","False"
"Card/KPI","wfh-stats","1","False"
"Card/KPI","nx-template-card__shade","1","False"
"Card/KPI","nxex-identity-card","1","False"
"Card/KPI","zy-pos-status","1","True"
"Card/KPI","bk-kpis","1","False"
"Card/KPI","dat-table-card","1","False"
"Card/KPI","rz-kpis","1","False"
"Card/KPI","esl-kpis","1","False"
"Card/KPI","@item.Status","1","False"
"Card/KPI","endservice-state","1","False"
"Card/KPI","z360-mini-kpis","1","False"
"Card/KPI","nxupd-hero-status","1","False"
"Card/KPI","ppd-card-foot","1","False"
"Card/KPI","@c.Status","1","False"
"Card/KPI","wfh-table-card","1","False"
"Card/KPI","z360-status-pill","1","False"
"Card/KPI","zy-dictionary-stats","1","True"
"Card/KPI","nxr-edit-photo-status-row","1","False"
"Card/KPI","zy-dictionary-state","1","True"
"Card/KPI","@(mp.Status","1","False"
"Card/KPI","zy-pos-card","1","True"
"Card/KPI","hrms-card-head","1","False"
"Card/KPI","lifecycle-timeline-state","1","False"
"Card/KPI","bp-card-text","1","False"
"Card/KPI","nxr-photo-upload-card","1","False"
"Card/KPI","nxr-login-account-card","1","False"
"Card/KPI","nxr-documents-list-card","1","False"
"Card/KPI","fr-card","1","False"
"Card/KPI","@Model.DocumentStatusClass(doc.ExpiryDate)","1","False"
"Card/KPI","bp-card-title","1","False"
"Card/KPI","v-@v.Status.ToLowerInvariant()","1","False"
"Card/KPI","@(v.Status","1","False"
"Card/KPI","nxex-profile-card","1","False"
"Card/KPI","@Model.StatusClass(mp.Status)","1","False"
"Card/KPI","nxr-edit-status-near-photo","1","False"
"Card/KPI","bp-kpis","1","False"
"Card/KPI","pa-kpis","1","False"
"Card/KPI","pq-card","1","False"
"Card/KPI","lifecycle-timeline-card","1","False"
"Card/KPI","dat-stat-clear","1","False"
"Card/KPI","my-stats-grid","1","False"
"Card/KPI","zhr-table-card","1","False"
"Card/KPI","nxr-doc-status","1","False"
"Card/KPI","zy-department-language-card","1","True"
"Card/KPI","avw-matrix-card","1","False"
"Card/KPI","apv-status","1","False"
"Card/KPI","nxr-documents-kpis","1","False"
"Card/KPI","zdl-hero-status","1","False"
"Card/KPI","ppd-kpi-grid","1","False"
"Card/KPI","bk-card","1","False"
"Card/KPI","ppd-turnover-card","1","False"
"Card/KPI","nx-template-card__glow","1","False"
"Card/KPI","lifecycle-timeline-status","1","False"
"Card/KPI","ar-status","1","False"
"Card/KPI","@(Model.Status","1","False"
"Card/KPI","ppd-kpi-success","1","False"
"Card/KPI","apv-kpis","1","False"
"Card/KPI","@Badge(request.Status)","1","False"
"Card/KPI","nx-feedback-card","1","False"
"Card/KPI","nx-template-card__icon","1","False"
"Card/KPI","nexora-brand-card","1","False"
"Card/KPI","mp-kpis","1","False"
"Card/KPI","ot-kpis","1","False"
"Card/KPI","tx-kpis","1","False"
"Card/KPI","zy-card__icon--danger","1","True"
"Card/KPI","nxex-pay-card","1","False"
"Card/KPI","ar-modal-card","1","False"
"Card/KPI","zy-data-language-card__required","1","True"
"Card/KPI","@Model.ClearanceClass(row.ClearanceStatus)","1","False"
"Card/KPI","zy-language-card__actions","1","True"
"Card/KPI","@Z360RequestClass(row.Status)","1","False"
"Card/KPI","endservice-status","1","False"
"Card/KPI","zy-language-dialog__card","1","True"
"Card/KPI","@requirement.StatusKey","1","False"
"Card/KPI","@l.Status","1","False"
"Card/KPI","ot-card","1","False"
"Card/KPI","zy-employee-language-card","1","True"
"Card/KPI","zhr-kpi-grid","1","False"
"Card/KPI","ppd-kpi-primary","1","False"
"Card/KPI","zdl-card-grid","1","False"
"Card/KPI","nx-template-card__hero-copy","1","False"
"Card/KPI","nxpen-a4-form-card","1","False"
"Card/KPI","shr-table-card","1","False"
"Card/KPI","zy-department-quick-language-card","1","True"
"Card/KPI","nx-kpis","1","False"
"Card/KPI","zy-data-language-card__default","1","True"
"Card/KPI","apv-card","1","False"
"Card/KPI","nxr-status","1","False"
"Card/KPI","nx-template-card__group","1","False"
"Card/KPI","attendance-filter-card","1","False"
"Card/KPI","zy-dictionary-provider-status","1","True"
"Card/KPI","nx-template-card__meta","1","False"
"Card/KPI","@Model.AnnouncementStatusClass(item.Status)","1","False"
"Card/KPI","sha-table-card","1","False"
"Card/KPI","status-@row.Status","1","False"
"Card/KPI","pr-kpis","1","False"
"Card/KPI","rehire-status","1","False"
"Card/KPI","zxd-kpis","1","False"
"Card/KPI","tx-card","1","False"
"Card/KPI","my-hero-card","1","False"
"Card/KPI","@row.StatusCss","1","False"
"Card/KPI","hrms-filter-card","1","False"
"Card/KPI","nxex-poll-card","1","False"
"Card/KPI","zua-table-card","1","False"
"Card/KPI","lifecycle-card","1","False"
"Card/KPI","@request.Status","1","False"
"Card/KPI","z360-kpis","1","False"
"Card/KPI","dat-stats","1","False"
"Card/KPI","nxex-ann-card","1","False"
"Card/KPI","nxex-ai-card","1","False"
"Card/KPI","nxupd-selector-card","1","False"
"Card/KPI","zdl-demo-kpis","1","False"
"Card/KPI","rv-card","1","False"
"Card/KPI","esl-card","1","False"
"Card/KPI","zy-data-language-card__rules","1","True"
"Card/KPI","zy-data-language-card__enable","1","True"
"Card/KPI","nx-template-card__topline","1","False"
"Card/KPI","nx-template-card__visual","1","False"
"Card/KPI","nx-pulse-mini-kpis","1","False"
"Card/KPI","zhr-status-badge","1","False"
"Card/KPI","zy-pos-card__head","1","True"
"Card/KPI","es-card","1","False"
"Card/KPI","zy-delete-language-dialog__card","1","True"
"Card/KPI","ppd-status-dot","1","False"
"Card/KPI","es-kpis","1","False"
"Card/KPI","nx-template-card","1","False"
"Card/KPI","nx-live-card","1","False"
"Card/KPI","fr-kpis","1","False"
"Card/KPI","nxr-profile-dynamic-edit-card","1","False"
"Card/KPI","geo-table-card","1","False"
"Card/KPI","nxupd-stage-card","1","False"
"Card/KPI","rz-card","1","False"
"Card/KPI","nxp-kpis","1","False"
"Card/KPI","zy-dash__kpis","1","True"
"Card/KPI","bp-card","1","False"
"Card/KPI","zy-pos-kpis","1","True"
"Card/KPI","zy-department-edit-language-card","1","True"
"Card/KPI","@r.Status.ToLowerInvariant()","1","False"
"Card/KPI","nxex-workclock-state","1","False"
"Card/KPI","rehire-employee-card","1","False"
"Card/KPI","@Z360AttendanceClass(row.Status)","1","False"
"Card/KPI","ln-card","1","False"
"Modal","nx-setup-modal__actions","29","False"
"Modal","nx-setup-modal__close","27","False"
"Modal","nx-setup-modal__panel","27","False"
"Modal","nx-setup-modal","27","False"
"Modal","nx-setup-modal__head","27","False"
"Modal","nx-setup-modal-form","20","False"
"Modal","dat-modal-label","7","False"
"Modal","dat-modal-text","6","False"
"Modal","nxhs-modal-cancel","6","False"
"Modal","nx-setup-entity-modal","4","False"
"Modal","zy-pos-reference-modal","4","True"
"Modal","nxhs-modal-delete","3","False"
"Modal","nx-setup-modal-note","3","False"
"Modal","modal-actions","3","False"
"Modal","attendance-modal-head","3","False"
"Modal","attendance-modal-backdrop","3","False"
"Modal","attendance-modal","3","False"
"Modal","dat-modal-legend","2","False"
"Modal","ln-modal-actions","2","False"
"Modal","ln-modal-bg","2","False"
"Modal","avw-modal","2","False"
"Modal","dat-modal-scope","2","False"
"Modal","z360-modal-section","2","False"
"Modal","dat-modal-form","2","False"
"Modal","zy-lookup-modal-error","2","True"
"Modal","dat-modal","2","False"
"Modal","avw-modal-bg","2","False"
"Modal","ln-modal","2","False"
"Modal","dat-modal-actions","2","False"
"Modal","dat-modal-bg","2","False"
"Modal","dat-modal-radios","2","False"
"Modal","modal-grid","2","False"
"Modal","z360-modal-body","1","False"
"Modal","attendance-import-modal","1","False"
"Modal","nxr-documents-modal-close","1","False"
"Modal","my-modal","1","False"
"Modal","zy-modal__body","1","True"
"Modal","ar-modal-head","1","False"
"Modal","fr-modal-bg","1","False"
"Modal","nxupd-modal","1","False"
"Modal","nxupd-modal-actions","1","False"
"Modal","ar-modal-actions","1","False"
"Modal","nxex-modal-head","1","False"
"Modal","nxex-modal-body","1","False"
"Modal","zy-pos-delete-modal","1","True"
"Modal","nxex-embed-modal","1","False"
"Modal","dat-modal-check","1","False"
"Modal","zy-pos-job-modal","1","True"
"Modal","nxhs-delete-modal","1","False"
"Modal","nxr-documents-modal-open","1","False"
"Modal","fr-modal-actions","1","False"
"Modal","zyep-modal","1","False"
"Modal","ar-modal-close","1","False"
"Modal","z360-modal-close","1","False"
"Modal","nxex-modal-tabs","1","False"
"Modal","nxupd-modal-close","1","False"
"Modal","zy-pos-employees-modal","1","True"
"Modal","nxr-documents-modal-head","1","False"
"Modal","z360-modal-dialog","1","False"
"Modal","nxupd-modal-icon","1","False"
"Modal","ar-modal-card","1","False"
"Modal","nxr-documents-modal-panel","1","False"
"Modal","nxupd-modal-warning","1","False"
"Modal","nxupd-modal-copy","1","False"
"Modal","nxr-force-modal-note","1","False"
"Modal","nxr-documents-modal-body","1","False"
"Modal","zyep-modal-head","1","False"
"Modal","zy-modal__footer","1","True"
"Modal","nxr-documents-modal","1","False"
"Modal","nxupd-modal-backdrop","1","False"
"Modal","nxex-modal-backdrop","1","False"
"Modal","zy-modal__header","1","True"
"Modal","zy-pos-editor-modal","1","True"
"Modal","ar-modal","1","False"
"Modal","zy-modal","1","True"
"Modal","nxex-modal","1","False"
"Modal","inside-modal","1","False"
"Modal","my-modal-actions","1","False"
"Modal","my-modal-backdrop","1","False"
"Modal","nxr-force-modal-badge","1","False"
"Modal","z360-modal","1","False"
"Modal","zy-modal-backdrop","1","True"
"Modal","fr-modal","1","False"
"Modal","nxr-documents-modal-actions","1","False"
"Modal","nxex-modal-close","1","False"
"Modal","z360-modal-head","1","False"
"Modal","z360-modal-actions","1","False"
"Modal","nxr-documents-list-modal","1","False"
"Modal","@(Model.OpenPolicyModal","1","False"
"Modal","my-modal-head","1","False"
"Tabs","zyp-table","30","False"
"Tabs","btn-table","26","False"
"Tabs","mass-tab","25","False"
"Tabs","hrms-table","16","False"
"Tabs","hrms-table-wrap","15","False"
"Tabs","table-card","15","False"
"Tabs","zyw-tab","15","False"
"Tabs","data-table","13","False"
"Tabs","hrms-table-card","12","False"
"Tabs","nexora-setup-table-wrap","9","False"
"Tabs","hrms-tab","9","False"
"Tabs","hrms-tabpanel","9","False"
"Tabs","nexora-setup-table","9","False"
"Tabs","editable","7","False"
"Tabs","mass-tabs","6","False"
"Tabs","z360-table-wrap","4","False"
"Tabs","@(Model.Tab","4","False"
"Tabs","hrms-tabs","4","False"
"Tabs","sht-tab","4","False"
"Tabs","zyw-table-wrap","4","False"
"Tabs","z360-table","4","False"
"Tabs","nxhs-table-wrap","4","False"
"Tabs","zyw-table","4","False"
"Tabs","nxhs-table","4","False"
"Tabs","zyw-tab-count","3","False"
"Tabs","ost-tab","3","False"
"Tabs","zyw-tabs","3","False"
"Tabs","rec-table","3","False"
"Tabs","zy-table-wrap","3","True"
"Tabs","zhr-table-responsive","3","False"
"Tabs","rec-table-card","3","False"
"Tabs","zxd-table","3","False"
"Tabs","zy-table","3","True"
"Tabs","my-table","2","False"
"Tabs","tab.Key","2","False"
"Tabs","mat-table","2","False"
"Tabs","rec-subtab","2","False"
"Tabs","attendance-table","2","False"
"Tabs","pr-table","2","False"
"Tabs","zy-lookup-table-wrap","2","True"
"Tabs","sd-table","2","False"
"Tabs","my-table-wrap","2","False"
"Tabs","sht-table-card","2","False"
"Tabs","ats-table","2","False"
"Tabs","zhr-table","2","False"
"Tabs","sd-tabs","2","False"
"Tabs","@(Model.SubTab","2","False"
"Tabs","zy-lookup-table","2","True"
"Tabs","mat-table-card","2","False"
"Tabs","nxupd-top-tabs","2","False"
"Tabs","pd-table","2","False"
"Tabs","attendance-table-wrap","2","False"
"Tabs","epr-table-wrap","1","False"
"Tabs","nx-table","1","False"
"Tabs","rz-tabs","1","False"
"Tabs","sha-table-card","1","False"
"Tabs","sov-table-card","1","False"
"Tabs","tx-tabs","1","False"
"Tabs","nxr-table","1","False"
"Tabs","ln-table","1","False"
"Tabs","apv-tab","1","False"
"Tabs","nxr-documents-table-wrap","1","False"
"Tabs","zy-pos-table","1","True"
"Tabs","fr-table","1","False"
"Tabs","shr-table","1","False"
"Tabs","rec-tabs","1","False"
"Tabs","ost-tabs","1","False"
"Tabs","geo-table-card","1","False"
"Tabs","nx-table-wrap","1","False"
"Tabs","nxex-modal-tabs","1","False"
"Tabs","dat-table","1","False"
"Tabs","ot-tabs","1","False"
"Tabs","esl-table-wrap","1","False"
"Tabs","nx-table-tools","1","False"
"Tabs","zhr-table-card","1","False"
"Tabs","mp-table","1","False"
"Tabs","esr-table","1","False"
"Tabs","rec-tab","1","False"
"Tabs","dashboard-table-wrap","1","False"
"Tabs","nxp-table-wrap","1","False"
"Tabs","epr-table","1","False"
"Tabs","nxr-documents-table","1","False"
"Tabs","nx-cutoff-policy-table","1","False"
"Tabs","nx-mode-tabs","1","False"
"Tabs","brand-table","1","False"
"Tabs","ss-table","1","False"
"Tabs","zy-dictionary-table","1","True"
"Tabs","distribution-table","1","False"
"Tabs","esl-table","1","False"
"Tabs","zua-table-card","1","False"
"Tabs","tx-table","1","False"
"Tabs","es-table","1","False"
"Tabs","distribution-tab","1","False"
"Tabs","bk-table","1","False"
"Tabs","geo-table","1","False"
"Tabs","nxp-table","1","False"
"Tabs","wfh-table-card","1","False"
"Tabs","sov-table","1","False"
"Tabs","shr-table-card","1","False"
"Tabs","att-table-card","1","False"
"Tabs","dat-table-card","1","False"
"Tabs","ar-tab","1","False"
"Tabs","rec-subtabs","1","False"
"Tabs","distribution-table-panel","1","False"
"Tabs","other-punch-table","1","False"
"Tabs","nxhs-edit-table","1","False"
"Tabs","sht-table","1","False"
"Tabs","att-records-table","1","False"
"Tabs","nxex-tabs","1","False"
"Tabs","sha-table","1","False"
"Tabs","rv-table","1","False"
"Tabs","nxupd-change-table","1","False"
"Tabs","ar-tab-count","1","False"
"Tabs","@(firstTab","1","False"
"Tabs","ar-table","1","False"
"Tabs","ot-table","1","False"
"Tabs","apv-tabs","1","False"
"Tabs","wfh-table","1","False"
"Tabs","zy-dictionary-table-wrap","1","True"
"Tabs","nxr-table-wrap","1","False"
"Tabs","zua-table","1","False"
"Tabs","dashboard-table","1","False"
"Tabs","nexora-stable-nav","1","False"
"Tabs","ar-tabs","1","False"
"Tabs","sht-tabs","1","False"
"Tabs","nx-approved-tabs","1","False"
"Tabs","pq-table","1","False"
"Tabs","distribution-tabs","1","False"
"Tabs","rz-table","1","False"
"Tabs","zy-pos-table-wrap","1","True"
"Tabs","si-table","1","False"
"Tabs","es-tabs","1","False"
"Tabs","my-tabs","1","False"
